id;name;necessary_time;price
1;Generic Wooden Keyboard Maine Group;72066;indexing Grocery
2;leverage repurpose;62093;Brand
3;circuit Auto Loan Account;36478;Generic Cotton Tuna
4;Steel Open-architected fuchsia;12372;Bahamas Nevada incentivize
5;bus reinvent;61133;Sleek Fresh Tuna Intuitive
6;New Zealand Dollar Squares Sleek Concrete Table;10866;haptic
7;solid state;34938;bluetooth North Dakota Ergonomic
8;IB open-source Avon;36238;Avon
9;Generic Wooden Tuna back-end teal;98569;cultivate
10;tan parse;61134;IB Sleek
